project,lines_of_code
C:\Users\fpatr\PycharmProjects\ML-Logging./data/clones\15Moners,26848
C:\Users\fpatr\PycharmProjects\ML-Logging./data/clones\187990,1101
C:\Users\fpatr\PycharmProjects\ML-Logging./data/clones\200502002,5662
C:\Users\fpatr\PycharmProjects\ML-Logging./data/clones\51lslcscyber,7749
C:\Users\fpatr\PycharmProjects\ML-Logging./data/clones\9harshit,208
C:\Users\fpatr\PycharmProjects\ML-Logging./data/clones\A-Jacobson,1753
C:\Users\fpatr\PycharmProjects\ML-Logging./data/clones\abhiTronix,120530
C:\Users\fpatr\PycharmProjects\ML-Logging./data/clones\activeloopai,49433
C:\Users\fpatr\PycharmProjects\ML-Logging./data/clones\AdaptiveSubgoalSearch,94485
C:\Users\fpatr\PycharmProjects\ML-Logging./data/clones\adevinta,5368
C:\Users\fpatr\PycharmProjects\ML-Logging./data/clones\aditi-bidgely,151909
C:\Users\fpatr\PycharmProjects\ML-Logging./data/clones\ahnGeo,16686
C:\Users\fpatr\PycharmProjects\ML-Logging./data/clones\AHNU2019,27321
C:\Users\fpatr\PycharmProjects\ML-Logging./data/clones\AI4Bharat,401584
C:\Users\fpatr\PycharmProjects\ML-Logging./data/clones\ain-soph,15764
C:\Users\fpatr\PycharmProjects\ML-Logging./data/clones\Ajyy,240845
C:\Users\fpatr\PycharmProjects\ML-Logging./data/clones\akachbat,79394
C:\Users\fpatr\PycharmProjects\ML-Logging./data/clones\AlexanderMath,2549
C:\Users\fpatr\PycharmProjects\ML-Logging./data/clones\AlexGeniusMan,16009
C:\Users\fpatr\PycharmProjects\ML-Logging./data/clones\alexhernandezgarcia,9397
C:\Users\fpatr\PycharmProjects\ML-Logging./data/clones\alirezakazemipour,844
C:\Users\fpatr\PycharmProjects\ML-Logging./data/clones\Allen8838,2441
C:\Users\fpatr\PycharmProjects\ML-Logging./data/clones\Aminullah6264,243145
C:\Users\fpatr\PycharmProjects\ML-Logging./data/clones\amundsen-io,26494
C:\Users\fpatr\PycharmProjects\ML-Logging./data/clones\amyxzhang,77469
C:\Users\fpatr\PycharmProjects\ML-Logging./data/clones\andreeadeac22,155174
C:\Users\fpatr\PycharmProjects\ML-Logging./data/clones\anilksistla,5667
C:\Users\fpatr\PycharmProjects\ML-Logging./data/clones\anjosma,203899
C:\Users\fpatr\PycharmProjects\ML-Logging./data/clones\anonymous98762022,3835017
C:\Users\fpatr\PycharmProjects\ML-Logging./data/clones\AnReu,1310
C:\Users\fpatr\PycharmProjects\ML-Logging./data/clones\antique-gen,15857
C:\Users\fpatr\PycharmProjects\ML-Logging./data/clones\anton164,3664
C:\Users\fpatr\PycharmProjects\ML-Logging./data/clones\anugyas,61975
C:\Users\fpatr\PycharmProjects\ML-Logging./data/clones\AnujMahajanOxf,4597
C:\Users\fpatr\PycharmProjects\ML-Logging./data/clones\apachecn,77792
C:\Users\fpatr\PycharmProjects\ML-Logging./data/clones\aqillakhamis,21320
C:\Users\fpatr\PycharmProjects\ML-Logging./data/clones\arthurmensch,6116
C:\Users\fpatr\PycharmProjects\ML-Logging./data/clones\artyom-beilis,5024321
C:\Users\fpatr\PycharmProjects\ML-Logging./data/clones\Ascend,4179212
C:\Users\fpatr\PycharmProjects\ML-Logging./data/clones\AshwinBalaji52,1317
C:\Users\fpatr\PycharmProjects\ML-Logging./data/clones\authoranonymous321,6440
C:\Users\fpatr\PycharmProjects\ML-Logging./data/clones\autognc,6937
C:\Users\fpatr\PycharmProjects\ML-Logging./data/clones\autorope,25703
C:\Users\fpatr\PycharmProjects\ML-Logging./data/clones\aviresler,15959
C:\Users\fpatr\PycharmProjects\ML-Logging./data/clones\aws-samples,128543
C:\Users\fpatr\PycharmProjects\ML-Logging./data/clones\awslabs,78962
C:\Users\fpatr\PycharmProjects\ML-Logging./data/clones\ayushkarnawat,7258
C:\Users\fpatr\PycharmProjects\ML-Logging./data/clones\bainro,46137
C:\Users\fpatr\PycharmProjects\ML-Logging./data/clones\balister,1241821
C:\Users\fpatr\PycharmProjects\ML-Logging./data/clones\BBQuercus,5067
C:\Users\fpatr\PycharmProjects\ML-Logging./data/clones\bearsroom,107346
C:\Users\fpatr\PycharmProjects\ML-Logging./data/clones\Bellman-devs,9404
C:\Users\fpatr\PycharmProjects\ML-Logging./data/clones\bertagnolli,44479
C:\Users\fpatr\PycharmProjects\ML-Logging./data/clones\bigdata-3team,138930
C:\Users\fpatr\PycharmProjects\ML-Logging./data/clones\bill-teng,135320
C:\Users\fpatr\PycharmProjects\ML-Logging./data/clones\BlackQAQ,5910
C:\Users\fpatr\PycharmProjects\ML-Logging./data/clones\Boilevin,513486
C:\Users\fpatr\PycharmProjects\ML-Logging./data/clones\boostcampaitech3,876
C:\Users\fpatr\PycharmProjects\ML-Logging./data/clones\BorgwardtLab,3124
C:\Users\fpatr\PycharmProjects\ML-Logging./data/clones\brad-ross,35622
C:\Users\fpatr\PycharmProjects\ML-Logging./data/clones\BraunMichael,51043
C:\Users\fpatr\PycharmProjects\ML-Logging./data/clones\brightmart,12997
C:\Users\fpatr\PycharmProjects\ML-Logging./data/clones\broadinstitute,91224
C:\Users\fpatr\PycharmProjects\ML-Logging./data/clones\c-w-m,204829
C:\Users\fpatr\PycharmProjects\ML-Logging./data/clones\callaunchpad,115208
C:\Users\fpatr\PycharmProjects\ML-Logging./data/clones\CasdeGroot,4304
C:\Users\fpatr\PycharmProjects\ML-Logging./data/clones\catalyst,38850
C:\Users\fpatr\PycharmProjects\ML-Logging./data/clones\catalyst-team,38850
C:\Users\fpatr\PycharmProjects\ML-Logging./data/clones\cc-ai,13461
C:\Users\fpatr\PycharmProjects\ML-Logging./data/clones\Ceyron,6645
C:\Users\fpatr\PycharmProjects\ML-Logging./data/clones\chaoleili,1558
C:\Users\fpatr\PycharmProjects\ML-Logging./data/clones\charityYao,14541
C:\Users\fpatr\PycharmProjects\ML-Logging./data/clones\chck,1272
C:\Users\fpatr\PycharmProjects\ML-Logging./data/clones\chris-chris,4736
C:\Users\fpatr\PycharmProjects\ML-Logging./data/clones\chrisjihee,682284
C:\Users\fpatr\PycharmProjects\ML-Logging./data/clones\cisco,94740
C:\Users\fpatr\PycharmProjects\ML-Logging./data/clones\cmx,1513
C:\Users\fpatr\PycharmProjects\ML-Logging./data/clones\coldenheart,505910
C:\Users\fpatr\PycharmProjects\ML-Logging./data/clones\ContinualAI,47487
C:\Users\fpatr\PycharmProjects\ML-Logging./data/clones\craftmine1000,26735
C:\Users\fpatr\PycharmProjects\ML-Logging./data/clones\CristianBarsan,14225
C:\Users\fpatr\PycharmProjects\ML-Logging./data/clones\crs4,277670
C:\Users\fpatr\PycharmProjects\ML-Logging./data/clones\CSID-DGU,45462
C:\Users\fpatr\PycharmProjects\ML-Logging./data/clones\cytomining,4626
C:\Users\fpatr\PycharmProjects\ML-Logging./data/clones\D-X-Y,41560
C:\Users\fpatr\PycharmProjects\ML-Logging./data/clones\daithimarkham,193
C:\Users\fpatr\PycharmProjects\ML-Logging./data/clones\DanielGlickmanTAU,3131
C:\Users\fpatr\PycharmProjects\ML-Logging./data/clones\davidtangGT,25244
C:\Users\fpatr\PycharmProjects\ML-Logging./data/clones\declare-lab,4385269
C:\Users\fpatr\PycharmProjects\ML-Logging./data/clones\deepBlink,5067
C:\Users\fpatr\PycharmProjects\ML-Logging./data/clones\deepcam-cn,12780
C:\Users\fpatr\PycharmProjects\ML-Logging./data/clones\deepdrive,14460
C:\Users\fpatr\PycharmProjects\ML-Logging./data/clones\deepgram,16147
C:\Users\fpatr\PycharmProjects\ML-Logging./data/clones\deepin-community,110314
C:\Users\fpatr\PycharmProjects\ML-Logging./data/clones\deepmipt,28235
C:\Users\fpatr\PycharmProjects\ML-Logging./data/clones\deepset-ai,19869
C:\Users\fpatr\PycharmProjects\ML-Logging./data/clones\defaultobject,2486
C:\Users\fpatr\PycharmProjects\ML-Logging./data/clones\Delaunay,5411
C:\Users\fpatr\PycharmProjects\ML-Logging./data/clones\deliciafernandes,29164
C:\Users\fpatr\PycharmProjects\ML-Logging./data/clones\dfdazac,629
C:\Users\fpatr\PycharmProjects\ML-Logging./data/clones\DGU-YJY,29157
C:\Users\fpatr\PycharmProjects\ML-Logging./data/clones\dhlab-epfl,13097
C:\Users\fpatr\PycharmProjects\ML-Logging./data/clones\dianingty-tkp,1125
C:\Users\fpatr\PycharmProjects\ML-Logging./data/clones\dileepkanumuri,1472
C:\Users\fpatr\PycharmProjects\ML-Logging./data/clones\djvaroli,1652
C:\Users\fpatr\PycharmProjects\ML-Logging./data/clones\dkobylianskii,1981
C:\Users\fpatr\PycharmProjects\ML-Logging./data/clones\dmatrix,15056
C:\Users\fpatr\PycharmProjects\ML-Logging./data/clones\dmitriy-serdyuk,188482
C:\Users\fpatr\PycharmProjects\ML-Logging./data/clones\dmlc,239138
C:\Users\fpatr\PycharmProjects\ML-Logging./data/clones\dogballlee,4250
C:\Users\fpatr\PycharmProjects\ML-Logging./data/clones\dpressel,50822
C:\Users\fpatr\PycharmProjects\ML-Logging./data/clones\dstein64,696
C:\Users\fpatr\PycharmProjects\ML-Logging./data/clones\dunkelhaus,145618
C:\Users\fpatr\PycharmProjects\ML-Logging./data/clones\ederchy,14767
C:\Users\fpatr\PycharmProjects\ML-Logging./data/clones\edgeai-neptune,903698
C:\Users\fpatr\PycharmProjects\ML-Logging./data/clones\EKYoonD,227623
C:\Users\fpatr\PycharmProjects\ML-Logging./data/clones\Eleven-Z,21108
C:\Users\fpatr\PycharmProjects\ML-Logging./data/clones\embedded-bitai,1343492
C:\Users\fpatr\PycharmProjects\ML-Logging./data/clones\EntilZha,1854
C:\Users\fpatr\PycharmProjects\ML-Logging./data/clones\eqasim-org,4826
C:\Users\fpatr\PycharmProjects\ML-Logging./data/clones\eracah,1703
C:\Users\fpatr\PycharmProjects\ML-Logging./data/clones\eric-erki,94905
C:\Users\fpatr\PycharmProjects\ML-Logging./data/clones\EricCousineau-TRI,106704
C:\Users\fpatr\PycharmProjects\ML-Logging./data/clones\ericlavigne,3734
C:\Users\fpatr\PycharmProjects\ML-Logging./data/clones\Erlemar,1494
C:\Users\fpatr\PycharmProjects\ML-Logging./data/clones\Eryk96,7239
C:\Users\fpatr\PycharmProjects\ML-Logging./data/clones\EzSylester,5068
C:\Users\fpatr\PycharmProjects\ML-Logging./data/clones\Fannovel16,81960
C:\Users\fpatr\PycharmProjects\ML-Logging./data/clones\faqih-ar,11610
C:\Users\fpatr\PycharmProjects\ML-Logging./data/clones\farisknight13,156
C:\Users\fpatr\PycharmProjects\ML-Logging./data/clones\fbdesignpro,11809
C:\Users\fpatr\PycharmProjects\ML-Logging./data/clones\felipecode,16773
C:\Users\fpatr\PycharmProjects\ML-Logging./data/clones\Feretj,158332
C:\Users\fpatr\PycharmProjects\ML-Logging./data/clones\ferraric,4145
C:\Users\fpatr\PycharmProjects\ML-Logging./data/clones\florpi,3981
C:\Users\fpatr\PycharmProjects\ML-Logging./data/clones\flying-circus,64482
C:\Users\fpatr\PycharmProjects\ML-Logging./data/clones\flyteorg,66954
C:\Users\fpatr\PycharmProjects\ML-Logging./data/clones\FordyceLab,22364
C:\Users\fpatr\PycharmProjects\ML-Logging./data/clones\freelunchtheorem,38803
C:\Users\fpatr\PycharmProjects\ML-Logging./data/clones\fresher96,1422
C:\Users\fpatr\PycharmProjects\ML-Logging./data/clones\friku,5526
C:\Users\fpatr\PycharmProjects\ML-Logging./data/clones\G-Research,2362
C:\Users\fpatr\PycharmProjects\ML-Logging./data/clones\garyd203,64482
C:\Users\fpatr\PycharmProjects\ML-Logging./data/clones\GastonGarciaGonzalez,1309
C:\Users\fpatr\PycharmProjects\ML-Logging./data/clones\gatmc,823
C:\Users\fpatr\PycharmProjects\ML-Logging./data/clones\gaurav67890,28516
C:\Users\fpatr\PycharmProjects\ML-Logging./data/clones\gebob19,666
C:\Users\fpatr\PycharmProjects\ML-Logging./data/clones\georgedimitriadis,105766
C:\Users\fpatr\PycharmProjects\ML-Logging./data/clones\georgetown-analytics,939417
C:\Users\fpatr\PycharmProjects\ML-Logging./data/clones\geyang,55093
C:\Users\fpatr\PycharmProjects\ML-Logging./data/clones\ggiuffre,19358
C:\Users\fpatr\PycharmProjects\ML-Logging./data/clones\gheinrich,51378
C:\Users\fpatr\PycharmProjects\ML-Logging./data/clones\gmum,4115
C:\Users\fpatr\PycharmProjects\ML-Logging./data/clones\goeckslab,24069
C:\Users\fpatr\PycharmProjects\ML-Logging./data/clones\GoGoGodeep,13514
C:\Users\fpatr\PycharmProjects\ML-Logging./data/clones\goodok,7891
C:\Users\fpatr\PycharmProjects\ML-Logging./data/clones\google-research,79069
C:\Users\fpatr\PycharmProjects\ML-Logging./data/clones\gufengxiaoyuehan,629
C:\Users\fpatr\PycharmProjects\ML-Logging./data/clones\guohanli,10783
C:\Users\fpatr\PycharmProjects\ML-Logging./data/clones\hacors,79892
C:\Users\fpatr\PycharmProjects\ML-Logging./data/clones\hahayonghuming,2992
C:\Users\fpatr\PycharmProjects\ML-Logging./data/clones\hahnicity,4581
C:\Users\fpatr\PycharmProjects\ML-Logging./data/clones\hans,147489
C:\Users\fpatr\PycharmProjects\ML-Logging./data/clones\happpyosu,2327
C:\Users\fpatr\PycharmProjects\ML-Logging./data/clones\hirune924,1730
C:\Users\fpatr\PycharmProjects\ML-Logging./data/clones\hms-dbmi,427
C:\Users\fpatr\PycharmProjects\ML-Logging./data/clones\holy44162,53753
C:\Users\fpatr\PycharmProjects\ML-Logging./data/clones\honguyenhaituan,6675
C:\Users\fpatr\PycharmProjects\ML-Logging./data/clones\horovod,77589
C:\Users\fpatr\PycharmProjects\ML-Logging./data/clones\HPI-DeepLearning-PlaceRecognizer-SS17,224841
C:\Users\fpatr\PycharmProjects\ML-Logging./data/clones\huhydro,42630
C:\Users\fpatr\PycharmProjects\ML-Logging./data/clones\HUJI-Deep,6024
C:\Users\fpatr\PycharmProjects\ML-Logging./data/clones\HumanCompatibleAI,14972
C:\Users\fpatr\PycharmProjects\ML-Logging./data/clones\hunterprice04,1140219
C:\Users\fpatr\PycharmProjects\ML-Logging./data/clones\hust-wuwechao,500858
C:\Users\fpatr\PycharmProjects\ML-Logging./data/clones\HXWAndCL,49279
C:\Users\fpatr\PycharmProjects\ML-Logging./data/clones\hypnopump,2236
C:\Users\fpatr\PycharmProjects\ML-Logging./data/clones\i-Dare,7773
C:\Users\fpatr\PycharmProjects\ML-Logging./data/clones\imatge-upc,29172
C:\Users\fpatr\PycharmProjects\ML-Logging./data/clones\ImportPaddle,101005
C:\Users\fpatr\PycharmProjects\ML-Logging./data/clones\inferno-pytorch,1439
C:\Users\fpatr\PycharmProjects\ML-Logging./data/clones\IntelAI,58100
C:\Users\fpatr\PycharmProjects\ML-Logging./data/clones\isi-nlp,31904
C:\Users\fpatr\PycharmProjects\ML-Logging./data/clones\istefano82,82143
C:\Users\fpatr\PycharmProjects\ML-Logging./data/clones\IT-Anfal,13013
C:\Users\fpatr\PycharmProjects\ML-Logging./data/clones\itoyuimo,16460
C:\Users\fpatr\PycharmProjects\ML-Logging./data/clones\IvLabs,11317
C:\Users\fpatr\PycharmProjects\ML-Logging./data/clones\IVSR-SET-HUST,865856
C:\Users\fpatr\PycharmProjects\ML-Logging./data/clones\JaeDukSeo,171480
C:\Users\fpatr\PycharmProjects\ML-Logging./data/clones\jamesborg46,4439
C:\Users\fpatr\PycharmProjects\ML-Logging./data/clones\jamesdolezal,146242
C:\Users\fpatr\PycharmProjects\ML-Logging./data/clones\jaydu1,12673
C:\Users\fpatr\PycharmProjects\ML-Logging./data/clones\jeongukjae,7487
C:\Users\fpatr\PycharmProjects\ML-Logging./data/clones\jglee087,34976
C:\Users\fpatr\PycharmProjects\ML-Logging./data/clones\jkuck,7921
C:\Users\fpatr\PycharmProjects\ML-Logging./data/clones\JoleProject,35836
C:\Users\fpatr\PycharmProjects\ML-Logging./data/clones\joycex99,11686
C:\Users\fpatr\PycharmProjects\ML-Logging./data/clones\jsicheng,823
C:\Users\fpatr\PycharmProjects\ML-Logging./data/clones\juanjo3ns,60516
C:\Users\fpatr\PycharmProjects\ML-Logging./data/clones\jukebox-saveopt,26735
C:\Users\fpatr\PycharmProjects\ML-Logging./data/clones\Jungjee,4314
C:\Users\fpatr\PycharmProjects\ML-Logging./data/clones\Jwuthri,2582
C:\Users\fpatr\PycharmProjects\ML-Logging./data/clones\k223kim,9770
C:\Users\fpatr\PycharmProjects\ML-Logging./data/clones\kangyuansbu,4781
C:\Users\fpatr\PycharmProjects\ML-Logging./data/clones\karolpiczak,897
C:\Users\fpatr\PycharmProjects\ML-Logging./data/clones\kaufmann-a,2986
C:\Users\fpatr\PycharmProjects\ML-Logging./data/clones\kaylode,6806
C:\Users\fpatr\PycharmProjects\ML-Logging./data/clones\kazukiyo17,854
C:\Users\fpatr\PycharmProjects\ML-Logging./data/clones\Keesiu,392528
C:\Users\fpatr\PycharmProjects\ML-Logging./data/clones\keihsgw0605kgsm,16376
C:\Users\fpatr\PycharmProjects\ML-Logging./data/clones\kelvincjr,4921333
C:\Users\fpatr\PycharmProjects\ML-Logging./data/clones\kenyo3023,3390
C:\Users\fpatr\PycharmProjects\ML-Logging./data/clones\khirotaka,5171
C:\Users\fpatr\PycharmProjects\ML-Logging./data/clones\kingofthenorth,730
C:\Users\fpatr\PycharmProjects\ML-Logging./data/clones\kingspp,81920
C:\Users\fpatr\PycharmProjects\ML-Logging./data/clones\kiudee,7807
C:\Users\fpatr\PycharmProjects\ML-Logging./data/clones\koustuvsinha,6126
C:\Users\fpatr\PycharmProjects\ML-Logging./data/clones\ktonal,9458
C:\Users\fpatr\PycharmProjects\ML-Logging./data/clones\kundajelab,9918
C:\Users\fpatr\PycharmProjects\ML-Logging./data/clones\kundan2510,153370
C:\Users\fpatr\PycharmProjects\ML-Logging./data/clones\KyanChen,110101
C:\Users\fpatr\PycharmProjects\ML-Logging./data/clones\kyper999,169375
C:\Users\fpatr\PycharmProjects\ML-Logging./data/clones\labml,87445
C:\Users\fpatr\PycharmProjects\ML-Logging./data/clones\labmlai,88830
C:\Users\fpatr\PycharmProjects\ML-Logging./data/clones\LAMP_assay_automation,58023
C:\Users\fpatr\PycharmProjects\ML-Logging./data/clones\lanpa,13020
C:\Users\fpatr\PycharmProjects\ML-Logging./data/clones\learningandplanningICLR,1251305
C:\Users\fpatr\PycharmProjects\ML-Logging./data/clones\LEOCUIZHIHAO,17234
C:\Users\fpatr\PycharmProjects\ML-Logging./data/clones\leokarlin,9061
C:\Users\fpatr\PycharmProjects\ML-Logging./data/clones\letsmakeadeal,2175
C:\Users\fpatr\PycharmProjects\ML-Logging./data/clones\Lew-Lab,9617
C:\Users\fpatr\PycharmProjects\ML-Logging./data/clones\liangruibupt,117652
C:\Users\fpatr\PycharmProjects\ML-Logging./data/clones\Lightning-Universe,10283
C:\Users\fpatr\PycharmProjects\ML-Logging./data/clones\LinirZamir,16068
C:\Users\fpatr\PycharmProjects\ML-Logging./data/clones\Linkerbrain,4512
C:\Users\fpatr\PycharmProjects\ML-Logging./data/clones\liuluyang530,4568900
C:\Users\fpatr\PycharmProjects\ML-Logging./data/clones\livey,4161
C:\Users\fpatr\PycharmProjects\ML-Logging./data/clones\lqrhy3,99827
C:\Users\fpatr\PycharmProjects\ML-Logging./data/clones\LucasLvbj,4061
C:\Users\fpatr\PycharmProjects\ML-Logging./data/clones\LuchnikovI,20689
C:\Users\fpatr\PycharmProjects\ML-Logging./data/clones\ludwig,267251
C:\Users\fpatr\PycharmProjects\ML-Logging./data/clones\ludwig-ai,269269
C:\Users\fpatr\PycharmProjects\ML-Logging./data/clones\luisoala,2364
C:\Users\fpatr\PycharmProjects\ML-Logging./data/clones\lzil,1768
C:\Users\fpatr\PycharmProjects\ML-Logging./data/clones\mac2bua,948
C:\Users\fpatr\PycharmProjects\ML-Logging./data/clones\MajerMartin,5031
C:\Users\fpatr\PycharmProjects\ML-Logging./data/clones\maldil,618791
C:\Users\fpatr\PycharmProjects\ML-Logging./data/clones\manishrdmishra,106998
C:\Users\fpatr\PycharmProjects\ML-Logging./data/clones\Manjunatha1997,24689
C:\Users\fpatr\PycharmProjects\ML-Logging./data/clones\manmeet3,210797
C:\Users\fpatr\PycharmProjects\ML-Logging./data/clones\marcduby,2334469
C:\Users\fpatr\PycharmProjects\ML-Logging./data/clones\markusfleck,117375
C:\Users\fpatr\PycharmProjects\ML-Logging./data/clones\marridG,19269
C:\Users\fpatr\PycharmProjects\ML-Logging./data/clones\matech96,1604
C:\Users\fpatr\PycharmProjects\ML-Logging./data/clones\matterport,5305
C:\Users\fpatr\PycharmProjects\ML-Logging./data/clones\MauiDesign,118433
C:\Users\fpatr\PycharmProjects\ML-Logging./data/clones\mdhiebert,4977
C:\Users\fpatr\PycharmProjects\ML-Logging./data/clones\mdsohaib,325
C:\Users\fpatr\PycharmProjects\ML-Logging./data/clones\mengsong16,50193
C:\Users\fpatr\PycharmProjects\ML-Logging./data/clones\merlinepedra,586692
C:\Users\fpatr\PycharmProjects\ML-Logging./data/clones\mesakh123,84499
C:\Users\fpatr\PycharmProjects\ML-Logging./data/clones\mhh0318,38634
C:\Users\fpatr\PycharmProjects\ML-Logging./data/clones\Michael-Vio,13822
C:\Users\fpatr\PycharmProjects\ML-Logging./data/clones\michelemancusi,28685
C:\Users\fpatr\PycharmProjects\ML-Logging./data/clones\Miclin1024,2754
C:\Users\fpatr\PycharmProjects\ML-Logging./data/clones\microns-ariadne,177317
C:\Users\fpatr\PycharmProjects\ML-Logging./data/clones\microsoft,88727
C:\Users\fpatr\PycharmProjects\ML-Logging./data/clones\Mikubill,183088
C:\Users\fpatr\PycharmProjects\ML-Logging./data/clones\mindee,22795
C:\Users\fpatr\PycharmProjects\ML-Logging./data/clones\minerva-ml,9572
C:\Users\fpatr\PycharmProjects\ML-Logging./data/clones\minerva-training-materials,3663
C:\Users\fpatr\PycharmProjects\ML-Logging./data/clones\MislavSag,4840
C:\Users\fpatr\PycharmProjects\ML-Logging./data/clones\MixedPrecision,5411
C:\Users\fpatr\PycharmProjects\ML-Logging./data/clones\MizarAI,26134
C:\Users\fpatr\PycharmProjects\ML-Logging./data/clones\mizunt1,4928
C:\Users\fpatr\PycharmProjects\ML-Logging./data/clones\MJLagerwerf,7538
C:\Users\fpatr\PycharmProjects\ML-Logging./data/clones\mlab-upenn,2328
C:\Users\fpatr\PycharmProjects\ML-Logging./data/clones\mlco2,43364
C:\Users\fpatr\PycharmProjects\ML-Logging./data/clones\mlcommons,70530
C:\Users\fpatr\PycharmProjects\ML-Logging./data/clones\mli,30585
C:\Users\fpatr\PycharmProjects\ML-Logging./data/clones\Mobile-IoT-Security-Lab,16820
C:\Users\fpatr\PycharmProjects\ML-Logging./data/clones\MoeinSorkhei,1167
C:\Users\fpatr\PycharmProjects\ML-Logging./data/clones\MOF_color,25244
C:\Users\fpatr\PycharmProjects\ML-Logging./data/clones\MohAlshahrani,16868
C:\Users\fpatr\PycharmProjects\ML-Logging./data/clones\mohsseha,340532
C:\Users\fpatr\PycharmProjects\ML-Logging./data/clones\MolecularAI,1761
C:\Users\fpatr\PycharmProjects\ML-Logging./data/clones\Monk_Object_Detection,506703
C:\Users\fpatr\PycharmProjects\ML-Logging./data/clones\Mostafa-M-Abla,21344
C:\Users\fpatr\PycharmProjects\ML-Logging./data/clones\muammar,6685
C:\Users\fpatr\PycharmProjects\ML-Logging./data/clones\MutsukiMoon,207317
C:\Users\fpatr\PycharmProjects\ML-Logging./data/clones\mvlearn,11874
C:\Users\fpatr\PycharmProjects\ML-Logging./data/clones\naddeoa,407
C:\Users\fpatr\PycharmProjects\ML-Logging./data/clones\nankyerdason2020,121310
C:\Users\fpatr\PycharmProjects\ML-Logging./data/clones\nanoporetech,12542
C:\Users\fpatr\PycharmProjects\ML-Logging./data/clones\nat06,1806
C:\Users\fpatr\PycharmProjects\ML-Logging./data/clones\navigator8972,1297
C:\Users\fpatr\PycharmProjects\ML-Logging./data/clones\ncsu-landscape-dynamics,58015
C:\Users\fpatr\PycharmProjects\ML-Logging./data/clones\neomatrix369,35294
C:\Users\fpatr\PycharmProjects\ML-Logging./data/clones\neptune,5486
C:\Users\fpatr\PycharmProjects\ML-Logging./data/clones\neptune-ai,44865
C:\Users\fpatr\PycharmProjects\ML-Logging./data/clones\NetasDev,1560
C:\Users\fpatr\PycharmProjects\ML-Logging./data/clones\neuralmonkey,23692
C:\Users\fpatr\PycharmProjects\ML-Logging./data/clones\nguyenvanhoang7398,3256
C:\Users\fpatr\PycharmProjects\ML-Logging./data/clones\nhtlongcs,2293
C:\Users\fpatr\PycharmProjects\ML-Logging./data/clones\nickhuang1996,1481
C:\Users\fpatr\PycharmProjects\ML-Logging./data/clones\nii-yamagishilab,40817
C:\Users\fpatr\PycharmProjects\ML-Logging./data/clones\Nikii1118,4202
C:\Users\fpatr\PycharmProjects\ML-Logging./data/clones\nikogamulin,4035
C:\Users\fpatr\PycharmProjects\ML-Logging./data/clones\nirvanacafe,160456
C:\Users\fpatr\PycharmProjects\ML-Logging./data/clones\NLESC-JCER,12856
C:\Users\fpatr\PycharmProjects\ML-Logging./data/clones\noopurdhawan,117375
C:\Users\fpatr\PycharmProjects\ML-Logging./data/clones\norbonorbo,26533
C:\Users\fpatr\PycharmProjects\ML-Logging./data/clones\north-fern,1929
C:\Users\fpatr\PycharmProjects\ML-Logging./data/clones\nuri428,11617
C:\Users\fpatr\PycharmProjects\ML-Logging./data/clones\NVIDIA,578816
C:\Users\fpatr\PycharmProjects\ML-Logging./data/clones\oblivia-simplex,30332
C:\Users\fpatr\PycharmProjects\ML-Logging./data/clones\OCR-D,1720
C:\Users\fpatr\PycharmProjects\ML-Logging./data/clones\ocropus,18044
C:\Users\fpatr\PycharmProjects\ML-Logging./data/clones\Octavian-ai,7133
C:\Users\fpatr\PycharmProjects\ML-Logging./data/clones\ofnote,2753
C:\Users\fpatr\PycharmProjects\ML-Logging./data/clones\ohsu-comp-bio,20668
C:\Users\fpatr\PycharmProjects\ML-Logging./data/clones\olivyou2,133
C:\Users\fpatr\PycharmProjects\ML-Logging./data/clones\ombg,2277
C:\Users\fpatr\PycharmProjects\ML-Logging./data/clones\OmdenaAI,958124
C:\Users\fpatr\PycharmProjects\ML-Logging./data/clones\onehahaha756,8433
C:\Users\fpatr\PycharmProjects\ML-Logging./data/clones\onucharles,10123
C:\Users\fpatr\PycharmProjects\ML-Logging./data/clones\openai,26338
C:\Users\fpatr\PycharmProjects\ML-Logging./data/clones\opendilab,123563
C:\Users\fpatr\PycharmProjects\ML-Logging./data/clones\OSeMOSYS,6478
C:\Users\fpatr\PycharmProjects\ML-Logging./data/clones\OshriHalimi,363578
C:\Users\fpatr\PycharmProjects\ML-Logging./data/clones\PacktPublishing,730471
C:\Users\fpatr\PycharmProjects\ML-Logging./data/clones\pacolecc,274
C:\Users\fpatr\PycharmProjects\ML-Logging./data/clones\padre-lab-eu,32090
C:\Users\fpatr\PycharmProjects\ML-Logging./data/clones\Pamikk,4852
C:\Users\fpatr\PycharmProjects\ML-Logging./data/clones\panaali,1567
C:\Users\fpatr\PycharmProjects\ML-Logging./data/clones\PasserBy4,15008
C:\Users\fpatr\PycharmProjects\ML-Logging./data/clones\PB12203006,62663
C:\Users\fpatr\PycharmProjects\ML-Logging./data/clones\PenroseZ,3815288
C:\Users\fpatr\PycharmProjects\ML-Logging./data/clones\phac-nml,5486
C:\Users\fpatr\PycharmProjects\ML-Logging./data/clones\phamdinhkhanh,93944
C:\Users\fpatr\PycharmProjects\ML-Logging./data/clones\Piyushak,7591
C:\Users\fpatr\PycharmProjects\ML-Logging./data/clones\powergee,106
C:\Users\fpatr\PycharmProjects\ML-Logging./data/clones\prabhuteja12,1314
C:\Users\fpatr\PycharmProjects\ML-Logging./data/clones\profiler,237863
C:\Users\fpatr\PycharmProjects\ML-Logging./data/clones\pvdthien310,22070
C:\Users\fpatr\PycharmProjects\ML-Logging./data/clones\pykale,13423
C:\Users\fpatr\PycharmProjects\ML-Logging./data/clones\pylayers,73829
C:\Users\fpatr\PycharmProjects\ML-Logging./data/clones\pyro-ppl,93700
C:\Users\fpatr\PycharmProjects\ML-Logging./data/clones\pysal,7247
C:\Users\fpatr\PycharmProjects\ML-Logging./data/clones\pytorch,75664
C:\Users\fpatr\PycharmProjects\ML-Logging./data/clones\PyTorchRL,23325
C:\Users\fpatr\PycharmProjects\ML-Logging./data/clones\qai222,153158
C:\Users\fpatr\PycharmProjects\ML-Logging./data/clones\qcraftai,6758
C:\Users\fpatr\PycharmProjects\ML-Logging./data/clones\Raalsky,4202
C:\Users\fpatr\PycharmProjects\ML-Logging./data/clones\ramon-oliveira,2772815
C:\Users\fpatr\PycharmProjects\ML-Logging./data/clones\ravimandal,100
C:\Users\fpatr\PycharmProjects\ML-Logging./data/clones\ray,724263
C:\Users\fpatr\PycharmProjects\ML-Logging./data/clones\ray-project,727140
C:\Users\fpatr\PycharmProjects\ML-Logging./data/clones\rbg-research,78671
C:\Users\fpatr\PycharmProjects\ML-Logging./data/clones\researchai,33788
C:\Users\fpatr\PycharmProjects\ML-Logging./data/clones\researchmm,15007
C:\Users\fpatr\PycharmProjects\ML-Logging./data/clones\revbucket,22524
C:\Users\fpatr\PycharmProjects\ML-Logging./data/clones\richardtjornhammar,8902
C:\Users\fpatr\PycharmProjects\ML-Logging./data/clones\RichardVelder,26023
C:\Users\fpatr\PycharmProjects\ML-Logging./data/clones\rizar,188039
C:\Users\fpatr\PycharmProjects\ML-Logging./data/clones\RonBanner,165003
C:\Users\fpatr\PycharmProjects\ML-Logging./data/clones\ronenmashal,1696
C:\Users\fpatr\PycharmProjects\ML-Logging./data/clones\rstudio,48351
C:\Users\fpatr\PycharmProjects\ML-Logging./data/clones\Rulial,15037
C:\Users\fpatr\PycharmProjects\ML-Logging./data/clones\rwth-i6,125913
C:\Users\fpatr\PycharmProjects\ML-Logging./data/clones\ryfeus,10436154
C:\Users\fpatr\PycharmProjects\ML-Logging./data/clones\Sachdw,159
C:\Users\fpatr\PycharmProjects\ML-Logging./data/clones\salesforce,36283
C:\Users\fpatr\PycharmProjects\ML-Logging./data/clones\Samanvitha3740,297763
C:\Users\fpatr\PycharmProjects\ML-Logging./data/clones\samuelsmal,13597
C:\Users\fpatr\PycharmProjects\ML-Logging./data/clones\sanjivko,1817
C:\Users\fpatr\PycharmProjects\ML-Logging./data/clones\SarangGawane,48892
C:\Users\fpatr\PycharmProjects\ML-Logging./data/clones\sasibhushan3,4085
C:\Users\fpatr\PycharmProjects\ML-Logging./data/clones\SaukratesK,394
C:\Users\fpatr\PycharmProjects\ML-Logging./data/clones\sendilk,5533
C:\Users\fpatr\PycharmProjects\ML-Logging./data/clones\sergevkim,1197
C:\Users\fpatr\PycharmProjects\ML-Logging./data/clones\ShaikVasid,394
C:\Users\fpatr\PycharmProjects\ML-Logging./data/clones\SharpAI,195190
C:\Users\fpatr\PycharmProjects\ML-Logging./data/clones\ShekharGaurav,156125
C:\Users\fpatr\PycharmProjects\ML-Logging./data/clones\ShevyMittal-GSLab,172
C:\Users\fpatr\PycharmProjects\ML-Logging./data/clones\Shikhar8990,25573
C:\Users\fpatr\PycharmProjects\ML-Logging./data/clones\Shivanshu-Gupta,1525
C:\Users\fpatr\PycharmProjects\ML-Logging./data/clones\ShubhamGoel2295,185
C:\Users\fpatr\PycharmProjects\ML-Logging./data/clones\shubhang8,90627
C:\Users\fpatr\PycharmProjects\ML-Logging./data/clones\sirusb,1786
C:\Users\fpatr\PycharmProjects\ML-Logging./data/clones\sirzzang,101675
C:\Users\fpatr\PycharmProjects\ML-Logging./data/clones\sky660099,162034
C:\Users\fpatr\PycharmProjects\ML-Logging./data/clones\skykying,280688
C:\Users\fpatr\PycharmProjects\ML-Logging./data/clones\skylooop,13284
C:\Users\fpatr\PycharmProjects\ML-Logging./data/clones\smihir,140458
C:\Users\fpatr\PycharmProjects\ML-Logging./data/clones\sonineties,40256
C:\Users\fpatr\PycharmProjects\ML-Logging./data/clones\sony,14044
C:\Users\fpatr\PycharmProjects\ML-Logging./data/clones\souenxx,160684
C:\Users\fpatr\PycharmProjects\ML-Logging./data/clones\spacetiller,193475
C:\Users\fpatr\PycharmProjects\ML-Logging./data/clones\speechbrain,107417
C:\Users\fpatr\PycharmProjects\ML-Logging./data/clones\splicemachine,16283
C:\Users\fpatr\PycharmProjects\ML-Logging./data/clones\st-tech,40923
C:\Users\fpatr\PycharmProjects\ML-Logging./data/clones\stared,1884
C:\Users\fpatr\PycharmProjects\ML-Logging./data/clones\statisticallyfit,221760
C:\Users\fpatr\PycharmProjects\ML-Logging./data/clones\stealthspectre,28594
C:\Users\fpatr\PycharmProjects\ML-Logging./data/clones\stecaron,10649
C:\Users\fpatr\PycharmProjects\ML-Logging./data/clones\StoyanVenDimitrov,15068
C:\Users\fpatr\PycharmProjects\ML-Logging./data/clones\StrayCamel247,7797
C:\Users\fpatr\PycharmProjects\ML-Logging./data/clones\sugarme,378758
C:\Users\fpatr\PycharmProjects\ML-Logging./data/clones\SukheshNuthalapati,1440048
C:\Users\fpatr\PycharmProjects\ML-Logging./data/clones\SurajDonthi,943
C:\Users\fpatr\PycharmProjects\ML-Logging./data/clones\sushantpattanaik,88
C:\Users\fpatr\PycharmProjects\ML-Logging./data/clones\synbioks,166467
C:\Users\fpatr\PycharmProjects\ML-Logging./data/clones\T-Sumida,1011
C:\Users\fpatr\PycharmProjects\ML-Logging./data/clones\Takuonon,8244
C:\Users\fpatr\PycharmProjects\ML-Logging./data/clones\TalBarami,643
C:\Users\fpatr\PycharmProjects\ML-Logging./data/clones\tanimutomo,557
C:\Users\fpatr\PycharmProjects\ML-Logging./data/clones\tariqdaouda,50683
C:\Users\fpatr\PycharmProjects\ML-Logging./data/clones\tbenst,15421
C:\Users\fpatr\PycharmProjects\ML-Logging./data/clones\tcy63,17726
C:\Users\fpatr\PycharmProjects\ML-Logging./data/clones\tensorflow,480359
C:\Users\fpatr\PycharmProjects\ML-Logging./data/clones\TerboucheHacene,2498
C:\Users\fpatr\PycharmProjects\ML-Logging./data/clones\Tessellate-Imaging,534215
C:\Users\fpatr\PycharmProjects\ML-Logging./data/clones\thanhtonvk,17046
C:\Users\fpatr\PycharmProjects\ML-Logging./data/clones\theresearchai,64519
C:\Users\fpatr\PycharmProjects\ML-Logging./data/clones\THuix,2921
C:\Users\fpatr\PycharmProjects\ML-Logging./data/clones\tianyunfei,270768
C:\Users\fpatr\PycharmProjects\ML-Logging./data/clones\tmpaul06,30958
C:\Users\fpatr\PycharmProjects\ML-Logging./data/clones\TNPKpenguin,13631
C:\Users\fpatr\PycharmProjects\ML-Logging./data/clones\TomaszOdrzygozdz,13074
C:\Users\fpatr\PycharmProjects\ML-Logging./data/clones\tommaso-green,12386
C:\Users\fpatr\PycharmProjects\ML-Logging./data/clones\transformervsmlpmixer,1829
C:\Users\fpatr\PycharmProjects\ML-Logging./data/clones\tuannguyen2103,417
C:\Users\fpatr\PycharmProjects\ML-Logging./data/clones\TWSFar,59015
C:\Users\fpatr\PycharmProjects\ML-Logging./data/clones\Uberi,2540
C:\Users\fpatr\PycharmProjects\ML-Logging./data/clones\ufal,23692
C:\Users\fpatr\PycharmProjects\ML-Logging./data/clones\umd-fire-coml,11528
C:\Users\fpatr\PycharmProjects\ML-Logging./data/clones\undertheseanlp,773
C:\Users\fpatr\PycharmProjects\ML-Logging./data/clones\unimauro,282187
C:\Users\fpatr\PycharmProjects\ML-Logging./data/clones\utisetur,2181
C:\Users\fpatr\PycharmProjects\ML-Logging./data/clones\UW-COSMOS,1524026
C:\Users\fpatr\PycharmProjects\ML-Logging./data/clones\uwsampl,1185304
C:\Users\fpatr\PycharmProjects\ML-Logging./data/clones\victoresque,999
C:\Users\fpatr\PycharmProjects\ML-Logging./data/clones\Victorvone,435
C:\Users\fpatr\PycharmProjects\ML-Logging./data/clones\VirrageS,15667
C:\Users\fpatr\PycharmProjects\ML-Logging./data/clones\vitalab,1548
C:\Users\fpatr\PycharmProjects\ML-Logging./data/clones\vltanh,756
C:\Users\fpatr\PycharmProjects\ML-Logging./data/clones\Voice-Privacy-Challenge,19160
C:\Users\fpatr\PycharmProjects\ML-Logging./data/clones\Vraj531,475
C:\Users\fpatr\PycharmProjects\ML-Logging./data/clones\wahyu-adi-n,589
C:\Users\fpatr\PycharmProjects\ML-Logging./data/clones\wandb,129506
C:\Users\fpatr\PycharmProjects\ML-Logging./data/clones\wangqianwen0418,42028
C:\Users\fpatr\PycharmProjects\ML-Logging./data/clones\wararaki718,11605
C:\Users\fpatr\PycharmProjects\ML-Logging./data/clones\wasiwasi,26573
C:\Users\fpatr\PycharmProjects\ML-Logging./data/clones\wassinkl,4386596
C:\Users\fpatr\PycharmProjects\ML-Logging./data/clones\wduo,3323
C:\Users\fpatr\PycharmProjects\ML-Logging./data/clones\webnizam,17493
C:\Users\fpatr\PycharmProjects\ML-Logging./data/clones\weilu,1020123
C:\Users\fpatr\PycharmProjects\ML-Logging./data/clones\wirenjoel,26338
C:\Users\fpatr\PycharmProjects\ML-Logging./data/clones\WorldCapital,80256
C:\Users\fpatr\PycharmProjects\ML-Logging./data/clones\wwydmanski,3493
C:\Users\fpatr\PycharmProjects\ML-Logging./data/clones\wwZhang0215,5702
C:\Users\fpatr\PycharmProjects\ML-Logging./data/clones\XiaoXiao-Woo,51142
C:\Users\fpatr\PycharmProjects\ML-Logging./data/clones\ximitiejiang,65052
C:\Users\fpatr\PycharmProjects\ML-Logging./data/clones\XingxingZhang,220327
C:\Users\fpatr\PycharmProjects\ML-Logging./data/clones\xuezhou1998,860992
C:\Users\fpatr\PycharmProjects\ML-Logging./data/clones\YahyaAlaaMassoud,21499
C:\Users\fpatr\PycharmProjects\ML-Logging./data/clones\yangcyself,6350
C:\Users\fpatr\PycharmProjects\ML-Logging./data/clones\yolov5-face,12780
C:\Users\fpatr\PycharmProjects\ML-Logging./data/clones\zaidhassanch,49578
C:\Users\fpatr\PycharmProjects\ML-Logging./data/clones\zensors,4238
C:\Users\fpatr\PycharmProjects\ML-Logging./data/clones\zhangliming-gif,1033027
C:\Users\fpatr\PycharmProjects\ML-Logging./data/clones\zhoudoao-bayes,150252
C:\Users\fpatr\PycharmProjects\ML-Logging./data/clones\zikuicai,663
C:\Users\fpatr\PycharmProjects\ML-Logging./data/clones\zuowang,92262
C:\Users\fpatr\PycharmProjects\ML-Logging./data/clones\zwrok,26617
C:\Users\fpatr\PycharmProjects\ML-Logging./data/clones\souenxx,160684
C:\Users\fpatr\PycharmProjects\ML-Logging./data/clones\stecaron,10649
C:\Users\fpatr\PycharmProjects\ML-Logging./data/clones\SukheshNuthalapati,1440048
C:\Users\fpatr\PycharmProjects\ML-Logging./data/clones\sushantpattanaik,88
C:\Users\fpatr\PycharmProjects\ML-Logging./data/clones\synbioks,161957
C:\Users\fpatr\PycharmProjects\ML-Logging./data/clones\Takuonon,8244
C:\Users\fpatr\PycharmProjects\ML-Logging./data/clones\TalBarami,643
C:\Users\fpatr\PycharmProjects\ML-Logging./data/clones\tanimutomo,557
C:\Users\fpatr\PycharmProjects\ML-Logging./data/clones\tbenst,15421
C:\Users\fpatr\PycharmProjects\ML-Logging./data/clones\tcy63,17726
C:\Users\fpatr\PycharmProjects\ML-Logging./data/clones\tensorflow,13965
C:\Users\fpatr\PycharmProjects\ML-Logging./data/clones\TerboucheHacene,2498
C:\Users\fpatr\PycharmProjects\ML-Logging./data/clones\Tessellate-Imaging,516315
C:\Users\fpatr\PycharmProjects\ML-Logging./data/clones\theresearchai,64519
C:\Users\fpatr\PycharmProjects\ML-Logging./data/clones\THuix,2625
C:\Users\fpatr\PycharmProjects\ML-Logging./data/clones\tianyunfei,270768
C:\Users\fpatr\PycharmProjects\ML-Logging./data/clones\tommaso-green,12386
C:\Users\fpatr\PycharmProjects\ML-Logging./data/clones\tuannguyen2103,417
C:\Users\fpatr\PycharmProjects\ML-Logging./data/clones\ufal,23692
C:\Users\fpatr\PycharmProjects\ML-Logging./data/clones\undertheseanlp,773
C:\Users\fpatr\PycharmProjects\ML-Logging./data/clones\UW-COSMOS,1524026
C:\Users\fpatr\PycharmProjects\ML-Logging./data/clones\Victorvone,435
C:\Users\fpatr\PycharmProjects\ML-Logging./data/clones\wasiwasi,26573
C:\Users\fpatr\PycharmProjects\ML-Logging./data/clones\webnizam,17493
C:\Users\fpatr\PycharmProjects\ML-Logging./data/clones\sirzzang,101675
C:\Users\fpatr\PycharmProjects\ML-Logging./data/clones\skykying,280688